controlSystemRef,id,name,expId,treatmentplanId,currentstep,stepParams,potId,state,weatherStationPlantRef,controlPlantPotRef,tareWeight,seedlingBulkSoilWeight,soilDryWeight,soilWetWeight,soilVolume,reserveWaterInventory,plantNetWeight,soilType,active,wue,wueR2,stressStart,stressEnd,stressDegree,resilienceRate,resilienceRateR2,massGainRate,massGainRateR2,potName,potX,potY,#Group,#line,#Treatment,#TreatmentGroup,AbsWeight_Point 03/07/2024 09:12:18,AbsWeight_Point 23/11/2023 11:27:18,DeltaWeight_delta 23/11/2023 12:15:26,DeltaWeight_Object 03/07/2024 10:27:18,TotalAvailableWater,
13,2348,(11)_1,73,157,0,null,4929,0,null,null,327,0,5455.15,6303.43,3200,0,0,1,1,null,null,2024-07-04,2024-07-05,0.199,2.259,0.839,null,null,W02b,2,2,11.0,(11)_1,Control,Control6,6630.067633,0.0,0.0,17.435017,848.275804024,
13,2315,(11)_10,73,158,0,null,4912,0,null,null,342,0,5345.06,6176.21,3200,0,0,1,1,null,null,2024-07-04,2024-07-05,0.052,6.23,1.0,null,null,E05c,13,5,11.0,(11)_10,Drought,Drought6,6514.269898,0.0,0.0,21.304916,831.156206958,
13,2343,(11)_11,73,158,0,null,4889,0,null,null,342,0,5050.64,5836.02,3200,0,0,1,1,null,null,2024-07-05,2024-07-09,0.187,11.432,1.0,null,null,E01d,17,1,11.0,(11)_11,Drought,Drought6,6177.105553,0.0,0.0,64.042122,785.374802313,
13,2367,(11)_12,73,158,0,null,4897,0,null,null,342,0,4995.62,5772.44,3200,0,0,1,1,null,null,2024-07-04,2024-07-06,0.185,16.347,1.0,null,null,E02f,19,2,11.0,(11)_12,Drought,Drought6,6113.893552,0.0,0.0,60.937269,776.818486495,
13,2359,(11)_13,73,158,0,null,4901,0,null,null,342,0,5407.65,6248.54,3200,0,0,1,1,null,null,2024-07-04,2024-07-05,0.017,3.598,0.75,null,null,E03d,17,3,11.0,(11)_13,Drought,Drought6,6589.872835,0.0,0.0,39.869077,840.889353266,
13,2318,(11)_14,73,158,0,null,4914,0,null,null,342,0,5257.93,6075.53,3200,0,0,1,1,null,null,2024-07-04,2024-07-06,0.196,4.964,0.71,null,null,E05e,18,5,11.0,(11)_14,Drought,Drought6,6413.201984,0.0,0.0,25.620391,817.607627598,
13,2335,(11)_2,73,157,0,null,4940,0,null,null,327,0,5569.32,6435.34,3200,0,0,1,1,null,null,2024-07-05,2024-07-07,0.13,13.947,1.0,null,null,W04a,1,4,11.0,(11)_2,Control,Control6,6760.313691,0.0,0.0,12.302323,866.02859311,
13,2303,(11)_3,73,157,0,null,4948,0,null,null,327,0,5472.4,6323.36,3200,0,0,1,1,null,null,2024-07-04,2024-07-05,0.619,5.873,0.962,null,null,W05c,3,5,11.0,(11)_3,Control,Control6,6650.956154,0.0,0.0,7.379227,850.958952996,
13,2363,(11)_4,73,157,0,null,4939,0,null,null,327,0,5183.54,5989.58,3200,0,0,1,1,null,null,2024-07-04,2024-07-05,0.225,2.245,0.926,null,null,W03f,9,3,11.0,(11)_4,Control,Control6,6316.185020,0.0,0.0,24.162821,806.039912865,
13,2352,(11)_5,73,157,0,null,4933,0,null,null,327,0,5606.89,6478.76,3200,0,0,1,1,null,null,2024-07-06,2024-07-08,0.206,8.141,1.0,null,null,W02f,9,2,11.0,(11)_5,Control,Control6,6804.236102,0.0,0.0,21.083020,871.871009929,
13,2341,(11)_6,73,157,0,null,4937,0,null,null,327,0,5238.78,6053.41,3200,0,0,1,1,null,null,2024-07-04,2024-07-06,0.151,2.522,0.984,null,null,W03d,7,3,11.0,(11)_6,Control,Control6,6379.276161,0.0,0.0,22.809880,814.629998631,
13,2307,(11)_7,73,157,0,null,4950,0,null,null,327,0,5220.73,6032.55,3200,0,0,1,1,null,null,2024-07-04,2024-07-05,0.063,0.955,1.0,null,null,W05e,8,5,11.0,(11)_7,Control,Control6,6358.074178,0.0,0.0,22.539933,811.823429225,
13,2331,(11)_8,73,158,0,null,4893,0,null,null,342,0,5238.17,6052.71,3200,0,0,1,1,null,null,2024-07-04,2024-07-05,0.037,1.915,0.65,null,null,E02b,12,2,11.0,(11)_8,Drought,Drought6,6394.286680,0.0,0.0,43.984825,814.535492292,
13,2298,(11)_9,73,158,0,null,4904,0,null,null,342,0,5323.57,6151.39,3200,0,0,1,1,null,null,2024-07-04,2024-07-05,0.185,2.145,0.355,null,null,E04a,11,4,11.0,(11)_9,Drought,Drought6,6493.521236,0.0,0.0,57.727832,827.8156234,
13,2311,(2)_1,73,157,0,null,4923,0,null,null,327,0,5442.11,6288.36,3200,0,0,1,1,null,null,2024-07-03,2024-07-04,6.598,-0.951,0.03,null,null,W01b,2,1,2.0,(2)_1,Control,Control3,6614.876999,0.0,0.0,19.867059,846.248029367,
13,2327,(2)_10,73,158,0,null,4906,0,null,null,342,0,5317.76,6144.68,3200,0,0,1,1,null,null,2024-07-03,2024-07-04,11.568,-0.835,0.007,null,null,E04c,13,4,2.0,(2)_10,Drought,Drought3,6485.977244,0.0,0.0,22.898428,826.912357427,
13,2329,(2)_11,73,158,0,null,4917,0,null,null,342,0,5423.35,6266.68,3200,0,0,1,1,null,null,2024-07-06,2024-07-09,0.216,7.209,1.0,null,null,E06b,12,6,2.0,(2)_11,Drought,Drought3,6608.454673,0.0,0.0,48.988257,843.331436984,
13,2336,(2)_13,73,158,0,null,4903,0,null,null,342,0,5156.5,5958.34,3200,0,0,1,1,null,null,2024-07-03,2024-07-04,3.907,-0.799,0.007,null,null,E03f,19,3,2.0,(2)_13,Drought,Drought3,6300.253906,0.0,0.0,42.954450,801.836283646,
13,2334,(2)_14,73,158,0,null,4907,0,null,null,342,0,5225.37,6037.92,3200,0,0,1,1,null,null,2024-07-04,2024-07-05,0.11,2.948,0.939,null,null,E04d,17,4,2.0,(2)_14,Drought,Drought3,6379.586966,0.0,0.0,36.236209,812.545233765,
13,2349,(2)_2,73,157,0,null,4934,0,null,null,327,0,5377.97,6214.25,3200,0,0,1,1,null,null,2024-07-06,2024-07-07,0.05,6.047,1.0,null,null,W03a,1,3,2.0,(2)_2,Control,Control3,6540.929259,0.0,0.0,7.057085,836.274849593,
13,2361,(2)_3,73,157,0,null,4942,0,null,null,327,0,5221.25,6033.15,3200,0,0,1,1,null,null,2024-07-03,2024-07-04,-0.856,-1.591,0.028,null,null,W04c,3,4,2.0,(2)_3,Control,Control3,6359.596803,0.0,0.0,34.207420,811.904239611,
13,2364,(2)_4,73,157,0,null,4953,0,null,null,327,0,5502.57,6358.22,3200,0,0,1,1,null,null,2024-07-04,2024-07-05,0.046,6.203,1.0,null,null,W06b,2,6,2.0,(2)_4,Control,Control3,6684.507802,0.0,0.0,5.537763,855.649509293,
13,2309,(2)_5,73,157,0,null,4926,0,null,null,327,0,5464.88,6314.66,3200,0,0,1,1,null,null,2024-07-03,2024-07-04,-3.446,0.445,0.004,null,null,W01e,8,1,2.0,(2)_5,Control,Control3,6641.941094,0.0,0.0,24.382067,849.788188497,
13,2330,(2)_7,73,157,0,null,4956,0,null,null,327,0,5253.37,6070.27,3200,0,0,1,1,null,null,2024-07-03,2024-07-04,-1.136,-0.59,0.007,null,null,W06e,8,6,2.0,(2)_7,Control,Control3,6396.815787,0.0,0.0,13.050241,816.898492158,
13,2310,(2)_8,73,158,0,null,4887,0,null,null,342,0,5284.59,6106.34,3200,0,0,1,1,null,null,2024-07-03,2024-07-05,0.19,3.05,0.973,null,null,E01b,12,1,2.0,(2)_8,Drought,Drought3,6447.708380,0.0,0.0,68.969890,821.753242473,
13,2340,(2)_9,73,158,0,null,4898,0,null,null,342,0,5273.94,6094.03,3200,0,0,1,1,null,null,2024-07-04,2024-07-05,0.154,1.976,0.327,null,null,E03a,11,3,2.0,(2)_9,Drought,Drought3,6435.658907,0.0,0.0,48.136104,820.096981327,
13,2296,(3)_1,73,157,0,null,4924,0,null,null,327,0,5647.94,6526.2,3200,0,0,1,1,null,null,2024-07-05,2024-07-07,0.316,4.511,0.965,null,null,W01c,3,1,3.0,(3)_1,Control,Control4,6852.899802,0.0,0.0,26.003321,878.254914505,
13,2360,(3)_10,73,158,0,null,4899,0,null,null,342,0,5371.89,6207.22,3200,0,0,1,1,null,null,2024-07-04,2024-07-05,0.018,3.508,1.0,null,null,E03b,12,3,3.0,(3)_10,Drought,Drought4,6548.141441,0.0,0.0,35.957898,835.329579278,
13,2357,(3)_11,73,158,0,null,4910,0,null,null,342,0,5211.61,6022.01,3200,0,0,1,1,null,null,2024-07-03,2024-07-04,-1.221,-0.948,0.012,null,null,E05a,11,5,3.0,(3)_11,Drought,Drought4,6363.992366,0.0,0.0,25.431466,810.405009197,
13,2353,(3)_12,73,158,0,null,4891,0,null,null,342,0,5233.33,6047.11,3200,0,0,1,1,null,null,2024-07-03,2024-07-04,-2.213,-0.59,0.004,null,null,E01f,19,1,3.0,(3)_12,Drought,Drought4,6386.956173,0.0,0.0,33.508950,813.782121682,
13,2302,(3)_13,73,158,0,null,4908,0,null,null,342,0,5475.25,6326.66,3200,0,0,1,1,null,null,2024-07-04,2024-07-05,0.065,6.082,1.0,null,null,E04e,18,4,3.0,(3)_13,Drought,Drought4,6669.036390,0.0,0.0,15.979469,851.401887485,
13,2324,(3)_14,73,158,0,null,4921,0,null,null,342,0,5270.09,6089.59,3200,0,0,1,1,null,null,2024-07-05,2024-07-07,0.055,3.834,1.0,null,null,E06f,19,6,3.0,(3)_14,Drought,Drought4,6428.504338,0.0,0.0,28.262318,819.4995915,
13,2323,(3)_2,73,157,0,null,4935,0,null,null,327,0,5253.48,6070.4,3200,0,0,1,1,null,null,2024-07-04,2024-07-06,0.383,6.561,0.965,null,null,W03b,2,3,3.0,(3)_2,Control,Control4,6397.379704,0.0,0.0,3.001968,816.916067313,
13,2308,(3)_3,73,157,0,null,4947,0,null,null,327,0,4993.37,5769.84,3200,0,0,1,1,null,null,2024-07-05,2024-07-06,0.035,2.11,1.0,null,null,W05b,2,5,3.0,(3)_3,Control,Control4,6095.866004,0.0,0.0,0.222999,776.468847722,
13,2337,(3)_5,73,157,0,null,4927,0,null,null,327,0,5232.86,6046.57,3200,0,0,1,1,null,null,2024-07-03,2024-07-04,7.259,-1.566,0.039,null,null,W01f,9,1,3.0,(3)_5,Control,Control4,6373.645946,0.0,0.0,23.959684,813.709538919,
13,2333,(3)_6,73,157,0,null,4931,0,null,null,327,0,5416.39,6258.64,3200,0,0,1,1,null,null,2024-07-04,2024-07-05,0.001,1.781,0.517,null,null,W02d,7,2,3.0,(3)_6,Control,Control4,6585.484454,0.0,0.0,20.101770,842.248430395,
13,2299,(3)_7,73,157,0,null,4944,0,null,null,327,0,5379.73,6216.28,3200,0,0,1,1,null,null,2024-07-03,2024-07-04,0.158,3.291,0.876,null,null,W04e,8,4,3.0,(3)_7,Control,Control4,6543.550010,0.0,0.0,5.367034,836.547815175,
13,2350,(3)_8,73,157,0,null,4957,0,null,null,327,0,5080.05,5870,3200,0,0,1,1,null,null,2024-07-03,2024-07-04,0.304,2.729,0.609,null,null,W06f,9,6,3.0,(3)_8,Control,Control4,6196.510963,0.0,0.0,10.516134,789.947744326,
13,2320,(3)_9,73,158,0,null,4888,0,null,null,342,0,5252.86,6069.68,3200,0,0,1,1,null,null,2024-07-03,2024-07-05,0.705,11.082,0.953,null,null,E01c,13,1,3.0,(3)_9,Drought,Drought4,6412.443023,0.0,0.0,25.662877,816.82006028,
13,2313,(8)_1,73,157,0,null,4928,0,null,null,327,0,5506.37,6362.61,3200,0,0,1,1,null,null,2024-07-04,2024-07-05,0.073,5.544,1.0,null,null,W02a,1,2,8.0,(8)_1,Control,Control5,6689.760818,0.0,0.0,1.321321,856.241070302,
13,2355,(8)_10,73,158,0,null,4911,0,null,null,342,0,5203.69,6012.87,3200,0,0,1,1,null,null,2024-07-03,2024-07-04,-2.871,-0.726,0.007,null,null,E05b,12,5,8.0,(8)_10,Drought,Drought5,6353.987961,0.0,0.0,10.520768,809.174247717,
13,2316,(8)_11,73,158,0,null,4918,0,null,null,342,0,5233.83,6047.7,3200,0,0,1,1,null,null,2024-07-03,2024-07-05,0.244,6.809,0.46,null,null,E06c,13,6,8.0,(8)_11,Drought,Drought5,6389.088378,0.0,0.0,21.503533,813.861246326,
13,2344,(8)_12,73,158,0,null,4896,0,null,null,342,0,5230.99,6044.41,3200,0,0,1,1,null,null,2024-07-03,2024-07-04,-2.738,-2.051,0.025,null,null,E02e,18,2,8.0,(8)_12,Drought,Drought5,6385.660818,0.0,0.0,55.538536,813.419025676,
13,2354,(8)_13,73,158,0,null,4909,0,null,null,342,0,5398.04,6237.44,3200,0,0,1,1,null,null,2024-07-06,2024-07-08,0.274,11.015,0.976,null,null,E04f,19,4,8.0,(8)_13,Drought,Drought5,6579.072414,0.0,0.0,45.766889,839.395747933,
13,2314,(8)_14,73,158,0,null,4913,0,null,null,342,0,5265.06,6083.77,3200,0,0,1,1,null,null,2024-07-04,2024-07-05,0.133,2.464,0.255,null,null,E05d,17,5,8.0,(8)_14,Drought,Drought5,6425.660087,0.0,0.0,51.312595,818.716480362,
13,2332,(8)_2,73,157,0,null,4936,0,null,null,327,0,5422.96,6266.24,3200,0,0,1,1,null,null,2024-07-05,2024-07-06,0.104,3.317,1.0,null,null,W03c,3,3,8.0,(8)_2,Control,Control5,6591.675386,0.0,0.0,15.944138,843.271006983,
13,2338,(8)_3,73,157,0,null,4946,0,null,null,327,0,5599.06,6469.71,3200,0,0,1,1,null,null,2024-07-04,2024-07-05,0.187,3.755,0.903,null,null,W05a,1,5,8.0,(8)_3,Control,Control5,6796.106130,0.0,0.0,17.608502,870.653347161,
13,2317,(8)_4,73,157,0,null,4954,0,null,null,327,0,5438.61,6284.32,3200,0,0,1,1,null,null,2024-07-04,2024-07-05,0.034,15.794,1.0,null,null,W06c,3,6,8.0,(8)_4,Control,Control5,6610.161005,0.0,0.0,9.076817,845.704399207,
13,2328,(8)_5,73,157,0,null,4932,0,null,null,327,0,5225.86,6038.49,3200,0,0,1,1,null,null,2024-07-06,2024-07-09,0.342,9.542,1.0,null,null,W02e,8,2,8.0,(8)_5,Control,Control5,6364.672570,0.0,0.0,19.773072,812.621771848,
13,2362,(8)_6,73,157,0,null,4945,0,null,null,327,0,5496.2,6350.86,3200,0,0,1,1,null,null,2024-07-03,2024-07-04,0.277,3.19,0.946,null,null,W04f,9,4,8.0,(8)_6,Control,Control5,6674.754968,0.0,0.0,16.621838,854.659755855,
13,2300,(8)_7,73,157,0,null,4949,0,null,null,327,0,5302.97,6127.59,3200,0,0,1,1,null,null,2024-07-04,2024-07-08,0.163,6.649,1.0,null,null,W05d,7,5,8.0,(8)_7,Control,Control5,6452.010082,0.0,0.0,11.677735,824.612375508,
13,2347,(8)_8,73,158,0,null,4892,0,null,null,342,0,4954.64,5725.08,3200,0,0,1,1,null,null,2024-07-04,2024-07-05,0.057,4.598,1.0,null,null,E02a,11,2,8.0,(8)_8,Drought,Drought5,6066.212810,0.0,0.0,40.420424,770.446183498,
13,2301,(8)_9,73,158,0,null,4900,0,null,null,342,0,4958.27,5729.28,3200,0,0,1,1,null,null,2024-07-04,2024-07-05,0.072,7.208,1.0,null,null,E03c,13,3,8.0,(8)_9,Drought,Drought5,6069.520128,0.0,0.0,21.208034,771.010377124,
13,2366,(WT)_1,73,157,0,null,4922,0,null,null,327,0,5463.73,6313.34,3200,0,0,1,1,null,null,2024-07-05,2024-07-08,0.404,7.79,0.998,null,null,W01a,1,1,WT,(WT)_1,Control,ControlWT,6639.846877,0.0,0.0,7.761169,849.610298854,
13,2346,(WT)_10,73,158,0,null,4886,0,null,null,342,0,5347.56,6179.11,3200,0,0,1,1,null,null,2024-07-06,2024-07-07,0.07,4.997,1.0,null,null,E01a,11,1,WT,(WT)_10,Drought,DroughtWT,6520.852239,0.0,0.0,62.926535,831.546043706,
13,2358,(WT)_11,73,158,1,null,4894,0,null,null,342,0,5386.4,6223.98,3200,0,0,1,0,null,null,2024-07-03,2024-07-04,-17.291,-0.153,0.0,null,null,E02c,13,2,WT,(WT)_11,Drought,DroughtWT,6561.966924,0.0,0.0,38.293149,837.585171377,
13,2365,(WT)_12,73,158,0,null,4905,0,null,null,342,0,5362.19,6196.01,3200,0,0,1,1,null,null,2024-07-03,2024-07-04,-4.009,-0.637,0.006,null,null,E04b,12,4,WT,(WT)_12,Drought,DroughtWT,6538.295075,0.0,0.0,40.209725,833.820005686,
13,2325,(WT)_13,73,158,0,null,4916,0,null,null,342,0,5268.82,6088.13,3200,0,0,1,1,null,null,2024-07-04,2024-07-05,0.044,4.463,0.653,null,null,E06a,11,6,WT,(WT)_13,Drought,DroughtWT,6430.444257,0.0,0.0,27.315660,819.302277326,
13,2356,(WT)_14,73,158,0,null,4890,0,null,null,342,0,5471.33,6322.12,3200,0,0,1,1,null,null,2024-07-04,2024-07-05,0.065,1.678,0.56,null,null,E01e,18,1,WT,(WT)_14,Drought,DroughtWT,6663.615389,0.0,0.0,46.969370,850.792185305,
13,2326,(WT)_15,73,158,0,null,4902,0,null,null,342,0,5427.01,6270.91,3200,0,0,1,1,null,null,2024-07-03,2024-07-04,8.453,-0.659,0.003,null,null,E03e,18,3,WT,(WT)_15,Drought,DroughtWT,6612.345158,0.0,0.0,25.708185,843.899962353,
13,2312,(WT)_16,73,158,0,null,4915,0,null,null,342,0,5376.48,6212.52,3200,0,0,1,1,null,null,2024-07-03,2024-07-04,-20.916,0.155,0.0,null,null,E05f,19,5,WT,(WT)_16,Drought,DroughtWT,6554.277679,0.0,0.0,44.840024,836.041895556,
13,2304,(WT)_17,73,158,0,null,4919,0,null,null,342,0,5283,6104.51,3200,0,0,1,0,null,null,2024-07-04,2024-07-05,0.125,6.327,1.0,null,null,E06d,17,6,WT,(WT)_17,Drought,DroughtWT,6446.443107,0.0,0.0,47.472628,821.507225962,
13,2339,(WT)_18,73,158,0,null,4895,0,null,null,342,0,5123.05,5919.68,3200,0,0,1,1,null,null,2024-07-04,2024-07-06,0.139,3.857,0.805,null,null,E02d,17,2,WT,(WT)_18,Drought,DroughtWT,6261.238259,0.0,0.0,34.496886,796.634221724,
13,2351,(WT)_2,73,157,0,null,4930,0,null,null,327,0,5164.81,5967.94,3200,0,0,1,1,null,null,2024-07-03,2024-07-04,-16.566,-2.823,0.051,null,null,W02c,3,2,WT,(WT)_2,Control,ControlWT,6294.144579,0.0,0.0,25.242840,803.12799064,
13,2297,(WT)_3,73,157,0,null,4941,0,null,null,327,0,5216.07,6027.17,3200,0,0,1,1,null,null,2024-07-04,2024-07-05,0.116,2.448,0.986,null,null,W04b,2,4,WT,(WT)_3,Control,ControlWT,6353.514635,0.0,0.0,3.569490,811.099211117,
13,2322,(WT)_4,73,157,0,null,4952,0,null,null,327,0,5574.28,6441.08,3200,0,0,1,1,null,null,2024-07-05,2024-07-07,0.108,3.713,1.0,null,null,W06a,1,6,WT,(WT)_4,Control,ControlWT,6767.420614,0.0,0.0,12.223259,866.801139771,
13,2306,(WT)_5,73,157,0,null,4925,0,null,null,327,0,5346,6177.3,3200,0,0,1,1,null,null,2024-07-03,2024-07-04,-5.291,-0.275,0.001,null,null,W01d,7,1,WT,(WT)_5,Control,ControlWT,6503.714610,0.0,0.0,19.046582,831.303243739,
13,2305,(WT)_6,73,157,0,null,4938,0,null,null,327,0,5672.19,6554.22,3200,0,0,1,1,null,null,2024-07-04,2024-07-05,0.401,5.128,0.959,null,null,W03e,8,3,WT,(WT)_6,Control,ControlWT,6880.873823,0.0,0.0,19.812991,882.025784117,
13,2345,(WT)_7,73,157,0,null,4943,0,null,null,327,0,5304.34,6129.16,3200,0,0,1,1,null,null,2024-07-04,2024-07-05,0.008,3.881,1.0,null,null,W04d,7,4,WT,(WT)_7,Control,ControlWT,6456.308211,0.0,0.0,22.605249,824.824200503,
13,2319,(WT)_8,73,157,0,null,4951,0,null,null,327,0,5144.34,5944.28,3200,0,0,1,1,null,null,2024-07-04,2024-07-05,0.047,3.283,1.0,null,null,W05f,9,5,WT,(WT)_8,Control,ControlWT,6270.681174,0.0,0.0,26.919322,799.944798088,
13,2342,(WT)_9,73,157,0,null,4955,0,null,null,327,0,5288.63,6111.02,3200,0,0,1,1,null,null,2024-07-04,2024-07-05,0.074,6.644,1.0,null,null,W06d,7,6,WT,(WT)_9,Control,ControlWT,6437.270642,0.0,0.0,22.519773,822.38260282,
13,2321,Empty,73,158,1,null,4920,0,null,null,342,0,-271.843,-314.115,3200,0,0,1,1,null,null,2024-07-04,2024-07-09,2.24,0.426,1.0,null,null,E06e,18,6,null,Empty,Drought,null,27.632386,0.0,0.0,9.457823,-42.2715832176,
